{
  "simulation": {
    "file": "C:\\Users\\lpeano\\plank\\VQT\\cosmology_L3_equilibrio.h5",
    "frames_analyzed": 20,
    "total_segments": 13824,
    "final_time": 1.0000000000000007,
    "final_drift": 0.018708665469053358,
    "final_T_eff": 582.028059027067
  },
  "hotspots": {
    "count": 692,
    "fraction": 0.05005787037037037,
    "indices": [
      16,
      28,
      37,
      54,
      65,
      86,
      106,
      122,
      146,
      160,
      176,
      289,
      335,
      341,
      376,
      424,
      452,
      515,
      529,
      536,
      559,
      616,
      647,
      651,
      683,
      699,
      727,
      732,
      755,
      756,
      758,
      766,
      788,
      803,
      817,
      914,
      962,
      1050,
      1053,
      1060,
      1062,
      1076,
      1129,
      1136,
      1138,
      1149,
      1212,
      1231,
      1267,
      1287,
      1295,
      1324,
      1325,
      1330,
      1349,
      1362,
      1373,
      1383,
      1384,
      1417,
      1418,
      1420,
      1442,
      1443,
      1478,
      1547,
      1549,
      1556,
      1567,
      1571,
      1593,
      1606,
      1608,
      1644,
      1677,
      1773,
      1791,
      1844,
      1852,
      1883,
      1892,
      1914,
      1939,
      1948,
      1956,
      1961,
      1968,
      1971,
      2041,
      2073,
      2115,
      2122,
      2123,
      2126,
      2184,
      2201,
      2210,
      2215,
      2271,
      2304,
      2305,
      2308,
      2321,
      2322,
      2353,
      2373,
      2380,
      2400,
      2458,
      2459,
      2460,
      2488,
      2491,
      2560,
      2575,
      2616,
      2619,
      2657,
      2670,
      2711,
      2764,
      2795,
      2797,
      2806,
      2845,
      2874,
      2883,
      2884,
      2909,
      2983,
      2990,
      2996,
      3012,
      3013,
      3016,
      3050,
      3060,
      3061,
      3074,
      3089,
      3100,
      3113,
      3121,
      3147,
      3158,
      3176,
      3207,
      3251,
      3270,
      3293,
      3304,
      3331,
      3358,
      3404,
      3405,
      3428,
      3435,
      3450,
      3464,
      3466,
      3472,
      3481,
      3511,
      3522,
      3531,
      3548,
      3565,
      3573,
      3576,
      3622,
      3625,
      3631,
      3651,
      3703,
      3705,
      3711,
      3746,
      3778,
      3801,
      3803,
      3809,
      3823,
      3890,
      3898,
      3916,
      3928,
      3950,
      3956,
      3971,
      3972,
      3985,
      4016,
      4023,
      4032,
      4043,
      4052,
      4053,
      4057,
      4071,
      4111,
      4115,
      4136,
      4163,
      4207,
      4227,
      4254,
      4259,
      4293,
      4317,
      4383,
      4425,
      4435,
      4441,
      4442,
      4455,
      4467,
      4474,
      4487,
      4537,
      4585,
      4599,
      4607,
      4620,
      4650,
      4654,
      4659,
      4709,
      4730,
      4815,
      4824,
      4832,
      4848,
      4855,
      4891,
      4894,
      4901,
      4951,
      4965,
      4966,
      4969,
      4970,
      4975,
      5026,
      5031,
      5111,
      5137,
      5144,
      5150,
      5170,
      5198,
      5227,
      5230,
      5253,
      5254,
      5255,
      5270,
      5329,
      5361,
      5391,
      5436,
      5497,
      5516,
      5520,
      5522,
      5534,
      5560,
      5574,
      5589,
      5595,
      5606,
      5607,
      5617,
      5620,
      5642,
      5656,
      5681,
      5701,
      5759,
      5778,
      5780,
      5797,
      5841,
      5846,
      5883,
      5909,
      5914,
      5936,
      5950,
      5971,
      5976,
      6008,
      6037,
      6051,
      6085,
      6103,
      6140,
      6231,
      6258,
      6265,
      6292,
      6296,
      6336,
      6338,
      6344,
      6379,
      6380,
      6402,
      6420,
      6459,
      6474,
      6479,
      6480,
      6511,
      6549,
      6555,
      6620,
      6655,
      6712,
      6742,
      6747,
      6755,
      6784,
      6835,
      6848,
      6878,
      6880,
      6914,
      6922,
      6932,
      6943,
      6976,
      6984,
      6996,
      7002,
      7003,
      7022,
      7043,
      7052,
      7101,
      7111,
      7117,
      7138,
      7156,
      7184,
      7200,
      7248,
      7269,
      7277,
      7279,
      7281,
      7282,
      7296,
      7329,
      7343,
      7390,
      7397,
      7398,
      7401,
      7416,
      7428,
      7450,
      7457,
      7466,
      7467,
      7468,
      7473,
      7476,
      7487,
      7489,
      7561,
      7595,
      7600,
      7609,
      7610,
      7613,
      7666,
      7684,
      7689,
      7690,
      7710,
      7714,
      7757,
      7769,
      7784,
      7825,
      7828,
      7867,
      7883,
      7895,
      7896,
      7900,
      7902,
      7903,
      7933,
      7935,
      7972,
      8002,
      8068,
      8077,
      8078,
      8088,
      8089,
      8145,
      8202,
      8224,
      8230,
      8239,
      8310,
      8323,
      8328,
      8337,
      8420,
      8439,
      8457,
      8464,
      8540,
      8648,
      8666,
      8676,
      8678,
      8722,
      8739,
      8752,
      8778,
      8784,
      8827,
      8909,
      8922,
      8924,
      8926,
      8928,
      8966,
      8972,
      8986,
      8988,
      9014,
      9028,
      9055,
      9098,
      9102,
      9116,
      9121,
      9123,
      9140,
      9167,
      9172,
      9226,
      9250,
      9285,
      9300,
      9303,
      9308,
      9347,
      9349,
      9361,
      9403,
      9404,
      9435,
      9451,
      9487,
      9489,
      9490,
      9509,
      9528,
      9544,
      9550,
      9557,
      9588,
      9595,
      9659,
      9674,
      9684,
      9701,
      9737,
      9799,
      9818,
      9826,
      9838,
      9848,
      9856,
      9862,
      9867,
      9870,
      9872,
      9890,
      9904,
      9925,
      9940,
      9981,
      10001,
      10059,
      10088,
      10110,
      10120,
      10130,
      10165,
      10168,
      10185,
      10194,
      10197,
      10198,
      10212,
      10250,
      10272,
      10297,
      10299,
      10300,
      10313,
      10324,
      10369,
      10378,
      10387,
      10399,
      10407,
      10426,
      10440,
      10452,
      10479,
      10522,
      10552,
      10587,
      10600,
      10611,
      10613,
      10639,
      10646,
      10655,
      10701,
      10711,
      10722,
      10732,
      10746,
      10752,
      10796,
      10835,
      10866,
      10872,
      10877,
      10889,
      10891,
      10910,
      10928,
      10937,
      10961,
      10989,
      11015,
      11031,
      11049,
      11057,
      11099,
      11136,
      11141,
      11144,
      11161,
      11205,
      11213,
      11229,
      11239,
      11249,
      11267,
      11269,
      11298,
      11310,
      11311,
      11327,
      11331,
      11337,
      11343,
      11346,
      11385,
      11392,
      11419,
      11422,
      11449,
      11451,
      11490,
      11498,
      11507,
      11511,
      11529,
      11586,
      11589,
      11599,
      11632,
      11640,
      11641,
      11651,
      11660,
      11672,
      11673,
      11694,
      11703,
      11704,
      11736,
      11763,
      11774,
      11784,
      11803,
      11808,
      11811,
      11818,
      11842,
      11856,
      11895,
      11902,
      11968,
      11984,
      11996,
      12037,
      12057,
      12060,
      12075,
      12091,
      12097,
      12109,
      12145,
      12166,
      12170,
      12175,
      12239,
      12240,
      12262,
      12270,
      12285,
      12297,
      12308,
      12324,
      12361,
