{
  "1": {
    "level": 1,
    "N_dof": 48,
    "N_samples": 600,
    "dt": 0.01,
    "t_total_planck": 6.0,
    "f_dom": 0.6666666666666666,
    "T_dom_planck": 1.5,
    "T_dom_steps": 150,
    "dom_power_fraction": 0.20236471644505874,
    "spectral_entropy": 2.5394148025256493,
    "spectral_entropy_max": 5.703782474656201,
    "freq_resolution": 0.16666666666666666,
    "fft_reliable": true,
    "top5_frequencies": [
      [
        0.6666666666666666,
        0.20236471644505874
      ],
      [
        0.3333333333333333,
        0.16489224056689517
      ],
      [
        0.5,
        0.14596056032526775
      ],
      [
        0.16666666666666666,
        0.1361271354723778
      ],
      [
        0.8333333333333333,
        0.06727061390024677
      ]
    ],
    "T_ac_planck": 1.52,
    "T_ac_min_planck": 1.6400000000000001,
    "sigma_mean": 0.08620276835174166,
    "sigma_std": 0.003393508004608432,
    "sigma_min": 0.08153639745963871,
    "sigma_max": 0.102329469173167,
    "sigma_range": 0.02079307171352829,
    "sigma_trend_slope": -3.594219265190089e-06,
    "filename": "cosmo_L1.h5"
  },
  "2": {
    "level": 2,
    "N_dof": 1152,
    "N_samples": 500,
    "dt": 0.01,
    "t_total_planck": 5.0,
    "f_dom": 0.6000000000000001,
    "T_dom_planck": 1.6666666666666665,
    "T_dom_steps": 166,
    "dom_power_fraction": 0.3109959361417189,
    "spectral_entropy": 1.986317927828475,
    "spectral_entropy_max": 5.521460917862246,
    "freq_resolution": 0.2,
    "fft_reliable": true,
    "top5_frequencies": [
      [
        0.6000000000000001,
        0.3109959361417189
      ],
      [
        0.2,
        0.26491957088991586
      ],
      [
        1.4000000000000001,
        0.17330636822363168
      ],
      [
        0.4,
        0.11697202728344525
      ],
      [
        1.6,
        0.025094306451636107
      ]
    ],
    "T_ac_planck": 6.68,
    "T_ac_min_planck": 2.2,
    "sigma_mean": 0.05023912856496155,
    "sigma_std": 0.004524130235434226,
    "sigma_min": 0.04156785588706668,
    "sigma_max": 0.06159352890950485,
    "sigma_range": 0.02002567302243817,
    "sigma_trend_slope": -2.0747145412056917e-05,
    "filename": "cosmo_L2.h5"
  },
  "3": {
    "level": 3,
    "N_dof": 27648,
    "N_samples": 600,
    "dt": 0.01,
    "t_total_planck": 6.0,
    "f_dom": 0.16666666666666666,
    "T_dom_planck": 6.0,
    "T_dom_steps": 600,
    "dom_power_fraction": 0.3445121484014405,
    "spectral_entropy": 2.3497075582801785,
    "spectral_entropy_max": 5.703782474656201,
    "freq_resolution": 0.16666666666666666,
    "fft_reliable": false,
    "top5_frequencies": [
      [
        0.16666666666666666,
        0.3445121484014405
      ],
      [
        0.3333333333333333,
        0.1884030684980635
      ],
      [
        0.8333333333333333,
        0.10281014980134622
      ],
      [
        0.6666666666666666,
        0.08293564154935468
      ],
      [
        0.5,
        0.035760123705531596
      ]
    ],
    "T_ac_planck": 3.4,
    "T_ac_min_planck": 1.18,
    "sigma_mean": 0.03852245449943858,
    "sigma_std": 0.00441377423497579,
    "sigma_min": 0.024986366310698862,
    "sigma_max": 0.05118610466587434,
    "sigma_range": 0.026199738355175476,
    "sigma_trend_slope": 2.5321970337797627e-06,
    "filename": "cosmo_L3_merged.h5"
  },
  "scaling": {
    "fitted": true,
    "A": 0.7579597372919931,
    "alpha": -0.03315252707544317,
    "R2": 1.0,
    "n_points": 2,
    "levels_used": [
      1,
      2
    ],
    "formula": "f_dom = 0.7580 \u00d7 N_dof^(-0.0332)"
  }
}